INSERT INTO CITIES1(PATIENT_ID, CITY_PAT)
VALUES ('1', 'Seoul');
INSERT INTO CITIES1(PATIENT_ID, CITY_PAT)
VALUES ('2', 'Seoul');
INSERT INTO CITIES1(PATIENT_ID, CITY_PAT)
VALUES ('3', 'Busan');
INSERT INTO CITIES1(PATIENT_ID, CITY_PAT)
VALUES ('4', 'Daegu');
INSERT INTO CITIES1(PATIENT_ID, CITY_PAT)
VALUES ('5', 'Busan');
INSERT INTO CITIES1(PATIENT_ID, CITY_PAT)
VALUES ('6', 'Daegu');
INSERT INTO CITIES1(PATIENT_ID, CITY_PAT)
VALUES ('7', 'Gwangju');
INSERT INTO CITIES1(PATIENT_ID, CITY_PAT)
VALUES ('8', 'Gwangju');
INSERT INTO CITIES1(PATIENT_ID, CITY_PAT)
VALUES ('9', 'Gwangju');
INSERT INTO CITIES1(PATIENT_ID, CITY_PAT)
VALUES ('10', 'Gwangju');

INSERT INTO COUNTRIES(COUNTRY_NAME)
VALUES ('Korea');
INSERT INTO COUNTRIES(COUNTRY_NAME)
VALUES ('Korea');
INSERT INTO COUNTRIES(COUNTRY_NAME)
VALUES ('Korea');
INSERT INTO COUNTRIES(COUNTRY_NAME)
VALUES ('Korea');
INSERT INTO COUNTRIES(COUNTRY_NAME)
VALUES ('Korea');
INSERT INTO COUNTRIES(COUNTRY_NAME)
VALUES ('Korea');
INSERT INTO COUNTRIES(COUNTRY_NAME)
VALUES ('Korea');
INSERT INTO COUNTRIES(COUNTRY_NAME)
VALUES ('Korea');
INSERT INTO COUNTRIES(COUNTRY_NAME)
VALUES ('Korea');
INSERT INTO COUNTRIES(COUNTRY_NAME)
VALUES ('Korea');

INSERT INTO PATIENTS_POPULARITY(COUNTRY_NAME, PATIENT_ID, BD_YEAR, PATIENT_COUNT)
VALUES ('Korea', '1', '1992', '14');
INSERT INTO PATIENTS_POPULARITY(COUNTRY_NAME, PATIENT_ID, BD_YEAR, PATIENT_COUNT)
VALUES ('Korea', '2', '1993', '12');
INSERT INTO PATIENTS_POPULARITY(COUNTRY_NAME, PATIENT_ID, BD_YEAR, PATIENT_COUNT)
VALUES ('Korea', '3', '1994', '10');
INSERT INTO PATIENTS_POPULARITY(COUNTRY_NAME, PATIENT_ID, BD_YEAR, PATIENT_COUNT)
VALUES ('Korea', '4', '1995', '8');
INSERT INTO PATIENTS_POPULARITY(COUNTRY_NAME, PATIENT_ID, BD_YEAR, PATIENT_COUNT)
VALUES ('Korea', '5', '1996', '7');
INSERT INTO PATIENTS_POPULARITY(COUNTRY_NAME, PATIENT_ID, BD_YEAR, PATIENT_COUNT)
VALUES ('Korea', '6', '1997', '6');
INSERT INTO PATIENTS_POPULARITY(COUNTRY_NAME, PATIENT_ID, BD_YEAR, PATIENT_COUNT)
VALUES ('Korea', '7', '1998', '6');
INSERT INTO PATIENTS_POPULARITY(COUNTRY_NAME, PATIENT_ID, BD_YEAR, PATIENT_COUNT)
VALUES ('Korea', '8', '1999', '5');
INSERT INTO PATIENTS_POPULARITY(COUNTRY_NAME, PATIENT_ID, BD_YEAR, PATIENT_COUNT)
VALUES ('Korea', '9', '2000', '12');
INSERT INTO PATIENTS_POPULARITY(COUNTRY_NAME, PATIENT_ID, BD_YEAR, PATIENT_COUNT)
VALUES ('Korea', '10', '2001', '7');
