INSERT INTO CITIES1(PATIENT_ID, CITY_PAT)
VALUES ('1', 'Mary');
INSERT INTO CITIES1(PATIENT_ID, CITY_PAT)
VALUES ('2', 'Annie');
INSERT INTO CITIES1(PATIENT_ID, CITY_PAT)
VALUES ('3', 'Anna');
INSERT INTO CITIES1(PATIENT_ID, CITY_PAT)
VALUES ('4', 'Margaret');
INSERT INTO CITIES1(PATIENT_ID, CITY_PAT)
VALUES ('5', '	Helen');
INSERT INTO CITIES1(PATIENT_ID, CITY_PAT)
VALUES ('6', 'Elsie');
INSERT INTO CITIES1(PATIENT_ID, CITY_PAT)
VALUES ('7', 'Lucy');
INSERT INTO CITIES1(PATIENT_ID, CITY_PAT)
VALUES ('8', 'Dorothy');
INSERT INTO CITIES1(PATIENT_ID, CITY_PAT)
VALUES ('9', 'Mary');
INSERT INTO CITIES1(PATIENT_ID, CITY_PAT)
VALUES ('10', 'Margaret');

INSERT INTO COUNTRIES(COUNTRY_NAME)
VALUES ('AK');
INSERT INTO COUNTRIES(COUNTRY_NAME)
VALUES ('TX');
INSERT INTO COUNTRIES(COUNTRY_NAME)
VALUES ('CA');
INSERT INTO COUNTRIES(COUNTRY_NAME)
VALUES ('AL');
INSERT INTO COUNTRIES(COUNTRY_NAME)
VALUES ('AZ');
INSERT INTO COUNTRIES(COUNTRY_NAME)
VALUES ('AR');
INSERT INTO COUNTRIES(COUNTRY_NAME)
VALUES ('DE');
INSERT INTO COUNTRIES(COUNTRY_NAME)
VALUES ('CT');
INSERT INTO COUNTRIES(COUNTRY_NAME)
VALUES ('CO');
INSERT INTO COUNTRIES(COUNTRY_NAME)
VALUES ('IN');

INSERT INTO PATIENTS_POPULARITY(COUNTRY_NAME, PATIENT_ID, BD_YEAR, PATIENT_COUNT)
VALUES ('AK', '1', '1910', '14');
INSERT INTO PATIENTS_POPULARITY(COUNTRY_NAME, PATIENT_ID, BD_YEAR, PATIENT_COUNT)
VALUES ('AK', '2', '1910', '12');
INSERT INTO PATIENTS_POPULARITY(COUNTRY_NAME, PATIENT_ID, BD_YEAR, PATIENT_COUNT)
VALUES ('AK', '3', '1910', '10');
INSERT INTO PATIENTS_POPULARITY(COUNTRY_NAME, PATIENT_ID, BD_YEAR, PATIENT_COUNT)
VALUES ('AK', '4', '1910', '8');
INSERT INTO PATIENTS_POPULARITY(COUNTRY_NAME, PATIENT_ID, BD_YEAR, PATIENT_COUNT)
VALUES ('AK', '5', '1910', '7');
INSERT INTO PATIENTS_POPULARITY(COUNTRY_NAME, PATIENT_ID, BD_YEAR, PATIENT_COUNT)
VALUES ('AK', '6', '1910', '6');
INSERT INTO PATIENTS_POPULARITY(COUNTRY_NAME, PATIENT_ID, BD_YEAR, PATIENT_COUNT)
VALUES ('AK', '7', '1910', '6');
INSERT INTO PATIENTS_POPULARITY(COUNTRY_NAME, PATIENT_ID, BD_YEAR, PATIENT_COUNT)
VALUES ('AK', '8', '1910', '5');
INSERT INTO PATIENTS_POPULARITY(COUNTRY_NAME, PATIENT_ID, BD_YEAR, PATIENT_COUNT)
VALUES ('AK', '9', '1911', '12');
INSERT INTO PATIENTS_POPULARITY(COUNTRY_NAME, PATIENT_ID, BD_YEAR, PATIENT_COUNT)
VALUES ('AK', '10', '1911', '7');
